,year,name,chrstprot,chrstcat,chrstorth,chrstang,chrstothr,chrstgen,judgen,islmsun,islmshi,islmibd,islmnat,islmalw,islmahm,islmothr,islmgen,budgen,zorogen,hindgen,sikhgen,shntgen,bahgen,taogen,jaingen,confgen,syncgen,anmgen,nonrelig,othrgen,sumrelig,pop,Diverse,War
14,2010,USA,119755961,78397889,7036875,4847625,23072957,233111307,5942248,2476980,337770,0,0,0,0,0,2814750,3410236,1644887,1797698,406908,156375,482784,11768,83984,91591,803181,1773577,59422500,796206,311953794,312750000,0,0
28,2010,CAN,7929127,14497030,785000,2722447,497500,26431104,340304,600000,70000,0,0,0,0,0,670000,670000,6130,275000,275000,915,18945,3620,3320,2700,27000,70861,5670000,35101,34464899,34500000,0,0
36,2010,BHM,211798,43863,0,46996,0,302657,305,0,0,0,0,0,0,0,0,0,0,0,0,0,0,93,0,0,0,1018,9086,153,313159,313312,0,0
50,2010,CUB,550000,6744696,0,0,112411,7407107,1500,0,0,0,0,0,0,8000,8000,0,0,25000,0,0,0,0,0,0,5620580,0,1478290,0,14540477,11241161,0,0
64,2010,HAI,976083,7027799,0,0,0,8003882,120,0,0,0,0,0,0,1750,1750,0,0,0,0,0,8527,0,0,0,4392374,0,976083,0,13382736,9760832,0,0
78,2010,DOM,1493497,7168786,0,0,0,8662283,100,0,0,0,0,0,0,0,0,0,0,0,0,0,0,0,0,0,0,0,1194797,99468,9857180,9956648,0,0
89,2010,JAM,1736000,58000,0,75000,105000,1974000,531,0,0,0,0,0,0,1513,1513,322,0,15961,0,0,209,0,0,0,0,0,572000,304094,2564536,2868630,0,0
100,2010,TRI,365100,285670,3500,75000,0,729270,0,0,0,0,0,0,0,65700,65700,0,0,240100,0,0,0,0,0,0,0,0,175640,94290,1210710,1305000,0,0
109,2010,BAR,101335,11464,0,72957,0,185756,30,0,0,0,0,0,0,2300,2300,120,0,1200,0,0,0,0,0,0,0,0,59184,40115,248590,288705,0,0
116,2010,DMA,10950,56210,0,0,0,67160,0,0,0,0,0,0,0,0,0,0,0,0,0,0,0,0,0,0,0,0,4380,1460,71540,73000,0,0
124,2010,GRN,23852,54209,0,16262,0,94323,0,0,0,0,0,0,0,526,526,0,0,263,0,0,157,0,0,0,0,0,5217,7933,100486,108419,0,0
131,2010,SLU,44116,100204,0,2624,4239,151183,0,0,0,0,0,0,0,164,164,0,0,492,0,0,0,0,0,0,0,0,9676,2485,161515,164000,0,0
138,2010,SVG,28288,63544,0,1664,0,93496,0,0,0,0,0,0,0,104,104,0,0,312,0,0,175,0,0,0,0,0,1976,7937,96063,104000,0,0
145,2010,AAB,43710,8690,4692,22333,0,79425,0,0,0,0,0,0,0,0,0,0,0,0,0,0,0,0,0,0,0,0,5127,2348,84552,86900,0,0
151,2010,SKN,7500,12675,0,25350,0,45525,0,0,0,0,0,0,0,141,141,0,0,481,0,0,0,0,0,0,0,0,4500,53,50647,50700,0,0
165,2010,MEX,15886801,92924489,0,0,0,108811290,67476,0,0,0,0,0,0,3760,3760,0,0,0,0,0,0,0,0,0,35995,27839,3052509,337669,111998869,112336538,0,0
172,2010,BLZ,80829,123010,0,14016,6117,223972,0,0,0,0,0,0,0,577,577,757,0,612,0,0,202,0,0,0,0,0,47511,30475,273631,304106,0,0
186,2010,GUA,5529785,7603454,0,0,0,13133239,2000,2000,0,0,0,0,0,0,2000,0,0,0,0,0,0,0,0,0,0,2800,635050,49374,13775089,13824463,0,1
200,2010,HON,2560652,4561162,0,0,0,7121814,397,397,0,0,0,0,0,0,397,0,0,0,0,0,0,0,0,0,0,0,800203,79228,7922811,8002039,0,0
214,2010,SAL,1990591,4219188,0,0,0,6209779,648,0,0,0,0,0,0,2027,2027,0,0,0,0,0,0,0,0,0,0,27500,800563,171771,7040517,7212288,0,1
228,2010,NIC,1350661,3798734,93149,0,0,5242544,0,0,0,0,0,0,0,1602,1602,0,0,0,0,0,0,0,0,0,0,0,523963,53706,5768109,5821815,0,1
242,2010,COS,453444,3471000,0,1297,0,3925741,3800,0,0,0,0,0,0,0,0,1200,0,558,0,0,0,0,0,0,35000,1250,445000,37451,4412549,4450000,0,0
256,2010,PAN,805444,3361450,0,0,0,4166894,6590,0,0,0,0,0,0,13181,13181,16233,0,593,148,0,24856,0,0,0,3106,0,0,23399,4231601,4255000,0,0
270,2010,COL,6944250,37961900,3022,1475,0,44910647,8095,0,0,0,0,0,0,27740,27740,1619,0,8095,0,0,47225,0,0,0,1295,405206,694425,190653,46104347,46295000,0,1
284,2010,VEN,4325100,23067200,0,0,0,27392300,16515,0,0,0,0,0,0,29864,29864,12177,0,0,0,0,10000,0,0,0,6113,53700,1267254,46077,28787923,28834000,0,0
293,2010,GUY,191875,61400,5027,54492,115125,427919,29,0,0,0,0,0,0,57562,57562,0,0,226412,0,0,4850,0,0,0,1000,8500,38375,2854,764647,767501,0,0
301,2010,SUR,142632,129048,0,0,0,271680,290,0,0,0,0,0,0,110936,110936,0,0,155084,0,0,0,0,0,0,0,28000,0,10,565990,566000,1,0
315,2010,ECU,284183,12361961,0,0,184183,12830327,1000,0,0,0,0,0,0,1500,1500,7460,0,0,0,0,1720,0,0,0,0,35000,1207777,124367,14084784,14209151,0,0
329,2010,PER,3675330,23904351,0,0,0,27579681,3000,0,0,0,0,0,0,6000,6000,10200,0,0,0,0,10000,0,0,0,0,50000,1176105,567660,28834986,29402646,0,1
343,2010,BRA,51122554,113690456,0,0,3500000,168313010,107000,0,0,0,0,0,0,35167,35167,244000,0,5675,0,155951,41630,0,0,0,42016,4387383,16214243,1209725,189546075,190755800,0,0
357,2010,BOL,1373600,8340600,4400,1500,0,9720100,350,0,0,0,0,0,0,1031,1031,3836,0,0,0,0,0,0,0,0,773,162419,412492,11314,10301001,10312315,0,0
371,2010,PAR,258212,5680657,0,6455,193659,6138983,3208,0,0,0,0,0,0,3873,3873,14783,0,0,0,0,5600,0,0,0,0,29405,193658,65782,6389510,6455292,0,0
385,2010,CHL,1811913,12954191,341548,0,480000,15587652,20664,0,0,0,0,0,0,4500,4500,2700,0,0,0,0,0,0,0,0,2254,150000,1024644,285002,16792414,17077416,0,1
399,2010,ARG,4039999,30299994,53703,7013,0,34400709,275000,0,0,0,0,0,0,611000,611000,7236,0,1967,385,0,4651,0,0,162,145,30206,4847999,220532,40179460,40399992,0,1
413,2010,URU,369234,1580995,17021,710,778749,2746709,10070,0,0,0,0,0,0,1015,1015,32,0,0,0,0,4061,0,0,0,0,16,577348,17428,3339251,3356679,0,0
427,2010,UKG,4525200,4409825,259348,19791400,9971500,38957273,263000,2403000,297000,0,0,0,0,0,2700000,248827,4105,817000,423000,0,5021,4144,20000,0,226063,81782,16275000,2181661,60025215,62206876,0,0
441,2010,IRE,31442,3861335,14205,134325,109000,4150307,1984,0,0,0,0,0,0,25700,25700,781,0,0,0,0,1549,0,0,0,0,0,269811,12855,4450132,4462987,0,0
453,2010,NTH,2824128,4485380,7988,8545,2300000,9626041,25700,0,0,0,0,0,0,963526,963526,201012,299,107151,13290,0,6678,0,0,0,6911,665,5648257,12992,16599530,16612522,0,0
467,2010,BEL,108763,6797746,64823,11014,543819,7526165,30000,489437,54381,0,0,0,0,0,543818,32629,0,7500,3500,0,0,0,0,0,0,0,2088267,644516,10231879,10876395,0,0
481,2010,LUX,8500,445137,2500,0,4500,460637,600,9139,1000,0,0,0,0,0,10139,0,0,0,0,0,1593,0,0,0,0,0,25101,7768,498070,505838,0,0
495,2010,FRN,1254451,40456051,732642,14865,1565352,44023361,480000,4500000,450000,0,0,0,0,0,4950000,650755,0,51000,0,0,0,0,0,0,223292,115410,12008726,220016,62502544,62722560,0,0
499,2010,MNC,936,24789,578,247,0,26550,500,0,0,0,0,0,0,264,264,0,0,0,0,0,0,0,0,0,0,0,4270,1521,31584,33105,0,0
504,2010,LIE,3062,27450,415,0,104,31031,40,0,0,0,0,0,0,1960,1960,148,0,0,0,0,11,0,0,0,0,0,1952,618,35142,35760,0,0
518,2010,SWZ,2193742,3710000,78251,0,322000,6303993,17500,0,0,0,0,0,0,322000,322000,25431,0,24336,0,0,4037,0,0,0,0,0,1050000,77825,7747297,7825122,0,0
532,2010,SPN,1200000,35000000,0,0,921529,37121529,12000,0,0,0,0,0,0,1400000,1400000,10200,0,0,0,0,0,0,0,0,0,0,7372239,160528,45915968,46076496,0,0
536,2010,AND,300,73054,0,0,4192,77546,0,0,0,0,0,0,0,769,769,0,0,300,0,0,0,0,0,0,0,0,6807,78,85422,85500,0,0
550,2010,POR,85140,8780066,63855,2693,191565,9123319,3192,0,0,0,0,0,0,90987,90987,59598,0,6386,426,0,1980,0,0,0,0,0,735901,620716,10021789,10642505,0,0
556,2010,GMY,25300000,25700000,1356203,29003,5442786,57827992,119000,2900000,280000,0,0,500000,0,320000,4000000,245000,0,97500,25000,0,10000,0,0,0,0,0,18790764,583720,81115256,81698976,0,0
585,2010,POL,145600,33507000,505200,0,381829,34539629,1600,0,0,0,0,0,0,5100,5100,1500,0,0,0,0,0,0,0,0,0,0,3054633,580458,37602462,38182920,0,0
597,2010,AUS,503386,5369453,83897,0,167795,6124531,8298,0,0,0,0,0,0,398571,398571,0,0,0,0,0,0,0,0,0,0,0,1293783,564588,7825183,8389771,0,0
611,2010,HUN,1799569,4677371,192155,0,0,6669095,10965,0,0,0,0,0,0,4500,4500,0,0,0,0,0,0,0,0,0,0,0,2688805,526635,9373365,9900000,0,0
625,2010,CZR,174855,2077857,0,0,0,2252712,7322,0,0,0,0,0,0,1338,1338,0,0,0,0,0,0,0,0,0,0,0,7980000,293739,10241372,10535111,0,0
629,2010,SLO,473787,3370291,257764,0,0,4101842,2445,0,0,0,0,0,0,521,521,0,0,0,0,0,1072,0,0,0,0,0,730349,597914,4836229,5434143,0,0
643,2010,ITA,0,47858795,0,0,160086,48018881,39000,0,0,0,0,0,0,700000,700000,8831,0,7923,24193,0,5123,0,0,0,46270,2117,11300000,330886,60152338,60483224,0,0
647,2010,SNM,0,27038,0,0,1050,28088,0,0,0,0,0,0,0,6,6,0,0,0,0,0,296,0,0,0,0,0,3450,704,31840,32544,0,0
657,2010,MLT,4129,396394,119,991,0,401633,60,0,0,0,0,0,0,4122,4122,0,0,0,0,0,220,0,0,0,0,0,6200,676,412235,412911,0,0
671,2010,ALB,0,419535,223686,0,42000,685221,0,1917315,95865,0,0,0,0,0,2013180,0,0,0,0,0,7000,0,0,0,0,0,481586,8538,3186987,3195525,0,0
672,2010,MNG,1200,21624,453696,0,1482,478002,0,0,0,0,0,0,0,120289,120289,119,0,0,0,0,0,0,0,0,0,0,28400,2707,626810,629517,0,0
676,2010,MAC,5248,39363,1266197,0,0,1310808,0,703363,0,0,0,0,0,0,703363,0,0,0,0,0,0,0,0,0,0,0,39075,3371,2053246,2056617,0,0
680,2010,CRO,15129,3817311,196323,0,13382,4042145,553,65023,0,0,0,0,0,0,65023,0,0,0,0,0,0,0,0,0,0,0,250000,66440,4357721,4424161,0,1
694,2010,YUG,72336,362228,6169170,0,49007,6652741,586,192200,33917,0,0,0,0,0,226117,0,0,0,0,0,0,0,0,0,0,0,385000,28546,7264444,7292990,0,1
698,2010,BOS,38237,573569,1376566,0,0,1988372,1019,1720707,0,0,0,0,0,0,1720707,0,0,0,0,0,0,0,0,0,0,0,112000,1697,3822098,3823795,0,1
699,2010,KOS,0,38306,25748,0,0,64054,0,0,0,0,0,0,0,1657720,1657720,0,0,0,0,0,0,0,0,0,0,0,10238,1860,1732012,1733872,0,1
703,2010,SLV,20537,1314376,41074,0,0,1375987,205,61611,0,0,0,0,0,0,61611,0,0,0,0,0,0,0,0,0,0,0,492891,123020,1930694,2053714,0,0
717,2010,GRC,81979,50969,10550000,0,0,10682948,5648,240000,32000,0,0,0,0,0,272000,0,0,0,0,0,0,0,0,0,0,0,295000,63692,11255596,11319288,0,0
728,2010,CYP,0,14481,575000,4683,12510,606674,147,164999,0,0,0,0,0,0,164999,0,0,0,0,0,0,0,0,0,0,0,26056,16082,797876,813958,0,0
742,2010,BUL,42000,64119,6100000,0,0,6206119,2000,920000,52000,0,0,0,0,0,972000,0,0,0,0,0,0,0,0,0,0,0,356674,6764,7536793,7543557,0,0
746,2010,MLD,100000,95500,2730000,0,0,2925500,3900,128238,0,0,0,0,0,0,128238,0,0,0,0,0,0,0,0,0,0,3562,500000,958,3561200,3562158,0,1
760,2010,ROM,1319965,978310,18601247,0,0,20899522,9500,85000,0,0,0,0,0,0,85000,0,0,0,0,0,0,0,0,0,0,0,350000,89160,21344022,21433182,0,1
774,2010,RUS,2096758,1100798,102500000,0,0,105697556,194000,16482000,0,0,0,0,0,0,16482000,0,0,0,0,0,0,0,0,0,0,0,20000000,26444,142373556,142400000,0,1
778,2010,EST,149306,5510,220199,36,5090,380141,1700,2000,0,0,0,0,0,0,2000,1401,0,361,19,0,59,176,0,0,73,4902,925000,24142,1315832,1339974,0,0
782,2010,LAT,787002,541646,438210,54,5457,1772369,6000,320,0,0,0,0,0,0,320,167,0,205,0,0,45,0,0,0,0,0,450000,13712,2229106,2242818,0,0
786,2010,LIT,27397,2564874,162836,0,0,2755107,6000,2727,0,0,0,0,0,0,2727,0,0,0,0,0,0,0,0,0,0,0,505000,52198,3268834,3321032,0,0
790,2010,UKR,874104,184021,34826145,0,3312394,39196664,67000,456000,0,0,0,0,0,0,456000,46005,0,0,0,0,0,0,0,0,0,0,6200000,39807,45965669,46005476,0,1
794,2010,BLR,111798,670788,4611671,0,0,5394257,12000,0,0,0,0,0,0,19000,19000,0,0,0,0,0,0,0,0,0,0,0,3900595,164648,9325852,9490500,0,0
798,2010,ARM,0,0,3073754,0,12900,3086654,565,0,0,0,0,0,0,1000,1000,0,0,0,0,0,0,0,0,0,42195,0,112300,3067,3242714,3245781,0,0
802,2010,GRG,60401,31977,3432208,0,28424,3553010,12000,440787,0,0,0,0,0,0,440787,0,0,0,0,0,0,0,0,0,0,22261,390000,34336,4418058,4452394,0,1
806,2010,AZE,3200,0,215000,0,0,218200,8000,1289285,7305949,0,0,0,0,0,8595234,0,0,0,0,0,0,0,0,0,0,0,175000,51181,8996434,9047615,0,1
820,2010,FIN,4199939,0,59002,0,0,4258941,1277,0,0,0,0,0,0,24245,24245,4988,0,0,0,0,1674,0,0,0,3991,0,890650,178142,5185766,5363908,0,0
834,2010,SWD,6377734,187580,120000,0,448500,7133814,19781,562741,0,0,0,0,0,0,562741,0,0,0,0,0,0,0,0,0,0,0,1500643,162043,9216979,9379022,0,0
848,2010,NOR,3939303,67342,0,0,97078,4103723,823,99500,0,0,0,0,0,0,99500,13450,0,5203,1042,0,1017,0,0,0,0,0,540000,120324,4764758,4885082,0,0
862,2010,DEN,4481602,37964,799,0,6872,4527237,2153,215000,7000,0,0,0,0,0,222000,4487,0,206,0,0,349,0,0,0,0,619,560000,222583,5317051,5539634,0,0
876,2010,ICE,275000,9647,709,0,4707,290063,0,0,0,0,0,0,0,1589,1589,1087,0,0,0,0,396,0,0,0,0,1398,10309,11979,304842,316821,0,0
884,2010,CAP,21020,422000,0,0,7200,450220,0,14200,1000,0,0,0,0,0,15200,0,0,0,0,0,0,0,0,0,0,611,8500,469,474531,475000,0,0
892,2010,STP,16291,135219,0,0,2300,153810,0,0,0,0,0,0,0,2443,2443,0,0,0,0,0,3877,0,0,0,0,389,2020,376,162539,162915,0,0
900,2010,GNB,12119,126500,0,229,22000,160848,0,575000,14777,0,0,0,0,0,589777,0,0,0,0,0,260,0,0,0,0,702000,24000,899,1476885,1477784,1,1
909,2010,EQG,34914,588000,0,0,0,622914,0,27500,0,0,0,0,0,0,27500,0,0,349,0,0,3575,0,0,0,0,12011,24000,7946,690349,698295,0,0
919,2010,GAM,12500,56240,980,5200,0,74920,0,1531158,17204,0,0,0,0,0,1548362,0,0,279,0,0,9200,0,0,0,0,75000,8900,3742,1716661,1720403,0,0
930,2010,MLI,92809,314259,0,0,0,407068,0,12619133,135689,0,0,0,0,0,12754822,0,0,0,0,0,750,0,0,0,0,379930,25200,1191,13567770,13568961,0,0
941,2010,SEN,21278,400067,0,0,0,421345,0,11221712,124357,0,0,0,0,0,11346069,1631,0,0,0,0,23201,0,0,0,387,241681,20144,29640,12054458,12084098,0,0
952,2010,BEN,735000,2145000,8906,3488,622000,3514394,0,2304686,21029,0,0,0,0,0,2325715,0,0,0,0,0,2458,0,0,0,0,2495000,293352,155077,8630919,8785996,1,0
963,2010,MAA,957,4802,0,1053,1906,8718,0,3212166,0,0,0,0,0,0,3212166,0,0,0,0,0,331,0,0,0,0,17220,3560,69517,3241995,3311512,0,0
974,2010,NIR,113153,231233,0,0,240162,584548,0,13714412,0,0,0,0,0,0,13714412,0,0,0,3582,0,4500,0,0,0,0,605000,15200,61187,14927242,14988429,0,0
985,2010,CDI,1517432,5930196,50028,0,531680,8029336,0,7868751,80293,0,0,0,0,80293,8029337,10706,0,1713,0,0,32974,0,0,0,0,5138776,124000,44726,21366842,21411568,1,1
996,2010,GUI,222265,414648,0,5588,176586,819087,0,8620923,81909,0,0,0,0,0,8702832,9000,0,0,0,0,154,0,0,0,0,675000,19259,13295,10225332,10238627,0,1
1007,2010,BFO,779198,3740152,0,0,55000,4574351,0,8882862,140256,0,0,0,0,0,9023117,0,0,0,0,0,1950,0,0,0,0,1901244,78188,5118,15578850,15583968,0,0
1021,2010,LBR,1182650,397491,0,98486,1863613,3542240,0,458824,10094,0,0,0,0,0,468918,0,0,0,0,0,4167,0,0,0,0,110000,41673,346,4166998,4167344,0,1
1031,2010,SIE,487547,441898,0,79012,160789,1169246,0,3304455,92089,0,0,0,0,0,3396544,0,0,3000,0,0,4500,0,0,0,0,1457603,75086,33295,6105979,6139274,0,1
1042,2010,GHA,11000000,3143640,0,0,2735686,16879326,0,3667789,555726,0,0,0,0,0,4223515,0,0,0,0,0,0,0,0,0,0,1271854,1439835,182722,23814530,23997252,0,0
1053,2010,TOG,582752,1631708,0,0,582752,2797212,0,815854,0,0,0,0,0,0,815854,0,0,0,0,0,25000,0,0,0,0,2156185,14365,18913,5808616,5827529,1,0
1064,2010,CAO,4684592,5183892,0,0,0,9868484,0,4265362,0,0,0,0,0,0,4265362,359,0,0,0,0,38200,0,0,0,765,5576888,145090,34816,19895148,19929964,1,0
1075,2010,NIG,18448759,16911362,37353,14941021,14387880,64726375,100,71349687,6934969,0,0,0,0,0,78284656,8229,0,0,0,0,30000,0,0,0,4546,10302000,484129,270381,153840035,154110416,0,1
1086,2010,GAB,198200,631887,0,0,217665,1047752,0,203321,7011,0,0,0,0,0,210332,0,0,0,0,0,564,0,0,0,0,117561,22500,3505,1398709,1402214,0,0
1097,2010,CEN,829432,1052741,0,0,333132,2215305,0,634874,40523,0,0,0,0,0,675397,0,0,0,0,0,10000,0,0,0,0,1530902,56000,15050,4487604,4502654,1,0
1108,2010,CHA,1558219,1682398,0,0,668853,3909470,0,6209287,137945,0,0,0,0,0,6347232,1771,0,0,0,0,22955,0,0,0,3771,1150730,28900,34254,11464829,11499083,0,1
1119,2010,CON,655027,1947994,645,0,625000,3228666,0,75200,2200,0,0,0,0,0,77400,172,0,0,0,0,25628,0,0,0,280,210000,295000,167160,3837146,4004306,0,1
1130,2010,DRC,21716851,33932580,12600,678652,6786516,63127199,407,882247,0,0,0,0,0,0,882247,3841,0,95000,0,0,200000,0,0,0,0,3200000,345000,11466,67853694,67865160,0,1
1140,2010,UGA,2645114,12450000,29330,9522412,1275000,25921856,2000,3565532,168746,0,0,0,0,0,3734278,2005,0,182000,1556,0,50000,0,2863,0,3983,1050000,133345,35110,31083886,31118996,0,1
1150,2010,KEN,12524979,11250000,401871,5130000,3095796,32402646,1300,3988185,209904,0,0,0,0,0,4198090,1266,804,175000,42500,0,250000,0,77561,0,1929,2859459,133500,43053,40144055,40187108,0,0
1160,2010,TAZ,5939526,9448823,9676,3146249,2030228,20574501,0,13736844,1768358,0,0,0,0,0,15505201,9777,130,322500,12921,0,125000,0,9432,0,22784,5895000,385000,207757,42862247,43070004,1,0
1170,2010,BUI,1839366,5277432,1900,325000,197689,7641386,0,206284,8595,0,0,0,0,0,214879,0,0,7220,0,0,6953,0,0,0,0,695000,22000,7728,8587438,8595166,0,0
1180,2010,RWA,2689553,5844606,1459,482000,235250,9252868,0,471085,4758,0,0,0,0,0,475843,0,0,517,0,0,19034,0,0,0,0,422312,36200,137662,10206774,10344436,0,1
1191,2010,SOM,1819,100,1698,220,496,4333,0,9190389,93303,0,0,0,0,0,9283692,0,0,5225,0,0,2678,0,0,0,0,6820,4087,23510,9306835,9330345,0,1
1198,2010,DJI,656,6100,5500,0,0,12256,0,860869,0,0,0,0,0,0,860869,0,0,352,0,0,764,0,0,0,0,0,8500,202,882741,882943,0,0
1212,2010,ETH,14847378,578379,34877700,694,350000,50654152,4500,27906872,425893,0,0,0,0,0,28332765,0,0,6130,0,0,22544,0,0,0,0,3100000,105200,53509,82225291,82278800,0,1
1216,2010,ERI,78516,209378,2721914,0,0,3009808,0,2100000,0,0,0,0,0,0,2100000,0,0,1047,0,0,1419,0,0,0,0,39500,66898,15778,5218672,5234450,0,1
1224,2010,ANG,4396260,11850789,0,37800,750000,17034849,0,0,0,0,0,0,0,198750,198750,1634,0,0,0,0,2064,0,0,0,162,1450000,342000,84717,19029459,19114176,0,1
1232,2010,MZM,4897500,5315750,747,126027,0,10340024,218,5233075,87367,0,0,0,0,0,5320442,1900,0,35165,0,0,2686,0,0,0,4063,5850000,192300,95052,21746798,21841850,1,1
1242,2010,ZAM,3816303,4625587,13088,166452,2723069,11344499,1682,65198,5926,0,0,0,0,0,71124,3912,0,65198,0,0,145000,0,0,0,0,1367676,23431,17134,13022522,13039656,0,0
1252,2010,ZIM,2396453,2305000,44732,564757,4650237,9961179,11326,128311,2137,0,0,0,0,0,130448,182,0,18005,0,0,25200,0,0,0,389,1647295,311930,59339,12105955,12165294,0,1
1262,2010,MAW,4482817,3619442,4101,289214,2057026,10452600,278,2050581,60353,0,0,0,0,0,2110934,0,0,32970,771,0,35428,0,0,0,0,1733405,87882,6431,14454268,14460699,0,0
1276,2010,SAF,12006000,3551568,30400,1900839,23000000,40488807,81536,768950,76050,0,0,0,0,0,845000,159070,0,750331,10605,0,21000,0,2001,20009,33515,3980000,3200000,430214,49591874,50022088,0,1
1281,2010,NAM,1049122,621785,0,0,195037,1865944,2466,9500,700,0,0,0,0,0,10200,0,0,3500,0,0,2500,0,0,0,0,215000,41443,3711,2141053,2144764,0,0
1290,2010,LES,496281,1220514,0,102475,153681,1972951,0,0,0,0,0,0,0,1600,1600,0,0,1213,0,0,800,0,0,0,0,105500,5800,7032,2087864,2094896,0,0
1299,2010,BOT,235097,100308,80,0,915314,1250799,0,47053,2476,0,0,0,0,0,49529,1009,0,2494,217,0,3450,0,0,0,100,425000,45000,29917,1777598,1807515,0,0
1308,2010,SWA,352752,305149,0,24412,275000,957312,0,0,0,0,0,0,0,8000,8000,0,0,1855,0,0,5493,0,0,0,0,229560,14449,3924,1216670,1220594,0,0
1319,2010,MAG,4103362,5490037,0,1061707,1376675,12031782,308,1068176,55457,0,0,0,0,0,1123633,5135,0,11912,0,0,15200,0,0,0,17200,7205000,125000,3610,20535170,20538780,0,0
1327,2010,COM,0,850,0,0,0,850,0,0,666746,0,0,0,0,0,666746,0,0,0,0,0,599,0,0,0,0,9975,1658,133,679828,679961,0,0
1336,2010,MAS,26894,336666,35,2889,50000,416484,0,203522,18256,0,0,0,0,0,221778,2251,0,622238,2817,0,668,0,0,0,3500,1200,9092,483,1280028,1280511,1,0
1343,2010,SEY,3855,69297,97,5614,2258,81121,0,0,0,0,0,0,0,1459,1459,331,17,2174,0,0,522,62,0,0,0,0,840,91,86526,86617,0,0
1355,2010,MOR,0,0,0,0,317760,317760,6000,31426515,3500,0,0,0,0,0,31430015,0,0,0,0,0,0,0,0,0,0,0,0,22277,31753775,31776052,0,0
1365,2010,ALG,0,0,0,0,285330,285330,0,35309660,0,0,0,0,0,0,35309660,0,0,0,0,0,0,0,0,0,0,0,0,71334,35594990,35666324,0,1
1377,2010,TUN,0,31646,0,0,5700,37346,1500,10338017,105489,0,0,0,0,0,10443506,0,0,0,0,0,0,0,0,0,0,0,0,66645,10482352,10548997,0,0
1390,2010,LIB,0,65091,65091,0,65091,195273,0,6310833,0,0,0,0,0,0,6310833,0,0,0,0,0,0,0,0,0,0,0,0,3000,6506106,6509106,0,1
1401,2010,SUD,703757,2013776,150000,0,0,2867533,0,28488914,0,0,0,0,0,0,28488914,0,0,0,0,0,0,0,0,0,0,8025046,401252,342487,39782745,40125232,0,1
1415,2010,IRN,0,0,117000,0,0,117000,8700,6666620,66666204,0,0,0,0,0,73332824,0,0,0,0,0,300000,0,0,0,0,0,265000,50036,74023524,74073560,0,1
1429,2010,TUR,64498,35747,87906,0,132126,320277,15000,75699756,0,0,0,0,0,0,75699756,0,0,0,0,0,0,0,0,0,0,0,383938,368661,76418971,76787632,0,1
1443,2010,IRQ,0,265000,335000,0,0,600000,0,10335000,19875000,0,0,0,0,0,30210000,0,0,0,0,0,0,0,0,0,0,0,350000,640000,31160000,31800000,0,1
1457,2010,EGY,1219163,98000,8127756,0,406387,9851306,0,69898701,0,0,0,350000,0,0,70248701,0,0,0,0,0,0,0,0,0,0,0,812776,364777,80912783,81277560,0,0
1470,2010,SYR,72993,378443,1079535,0,0,1530971,0,15113492,0,0,0,3258974,0,0,18372466,0,0,0,0,0,0,0,0,0,0,0,297589,167562,20201026,20368588,0,1
1484,2010,LEB,28567,857010,489720,0,285670,1660967,0,1101870,1101870,0,0,0,0,0,2203740,75000,0,0,0,0,0,0,0,0,0,0,122430,18863,4062137,4081000,0,1
1498,2010,JOR,0,30560,134467,0,18336,183363,0,5806540,122242,0,0,0,0,0,5928782,0,0,0,0,0,0,0,0,0,0,0,0,3,6112145,6112148,0,0
1511,2010,ISR,0,101600,50800,0,0,152400,5573299,1371600,0,0,0,0,0,152400,1524000,0,0,0,0,0,0,0,0,0,0,0,343000,31795,7592699,7624494,0,0
1525,2010,SAU,0,782723,0,0,0,782723,0,22829436,1648170,0,0,0,0,0,24477606,0,0,260907,0,0,0,0,0,0,0,0,521815,47733,26043051,26090784,0,0
1540,2010,YEM,0,0,0,0,0,0,0,12982960,10386368,0,0,0,0,0,23369328,0,0,0,0,0,0,0,0,0,0,0,0,236054,23369328,23605382,0,1
1556,2010,KUW,0,0,0,0,0,0,0,1886897,591600,0,0,0,0,0,2478497,0,0,107823,0,0,0,0,0,0,0,0,0,109248,2586320,2695568,0,0
1565,2010,BAH,13767,32757,33917,13767,26777,120985,0,365037,741137,0,0,0,0,0,1106174,0,0,0,0,0,0,0,0,0,0,0,0,7412,1227159,1234571,0,0
1574,2010,QAT,6000,200000,20000,3000,16603,245603,0,628790,169943,0,0,0,0,0,798733,36603,0,450000,0,0,0,0,0,0,0,0,30000,138496,1560939,1699435,1,0
1583,2010,UAE,0,185228,185228,0,75005,445461,0,3530371,677966,0,0,0,0,0,4208337,22000,0,1387654,0,0,62367,0,0,0,0,0,85000,25831,6210819,6236650,0,0
1592,2010,OMA,6900,49399,25300,0,17900,99499,0,862000,210000,1606195,0,0,0,0,2678195,8900,0,78000,19000,0,0,0,0,0,0,0,0,96360,2883594,2979954,0,1
1606,2010,AFG,6000,156,70,39,1022,7287,0,21600000,5130000,0,0,0,0,150000,26880000,2500,2000,8000,2000,0,3000,0,0,0,0,3316,55000,36897,26963103,27000000,0,1
1610,2010,TKM,0,0,505440,0,0,505440,700,4998243,0,0,0,0,0,0,4998243,722,0,0,0,0,1096,0,0,0,0,0,56160,53643,5562361,5616004,0,0
1614,2010,TAJ,0,0,150000,0,0,150000,2000,6320980,371822,0,0,0,0,0,6692802,5600,0,0,0,0,4500,0,0,0,0,0,185911,395635,7040813,7436448,0,1
1618,2010,KYR,11000,0,429229,0,100000,540229,500,4131336,1200,0,0,0,0,0,4132536,0,0,0,0,0,0,0,0,0,0,0,268268,423839,4941533,5365372,0,0
1622,2010,UZB,0,0,1126422,0,281605,1408027,4200,25907724,281605,0,0,0,0,0,26189329,0,0,0,0,0,0,0,0,0,0,0,504000,55014,28105556,28160570,0,0
1626,2010,KZK,0,0,4731595,0,0,4731595,3300,9189508,489475,0,0,0,0,0,9678983,0,0,0,0,0,0,0,0,0,0,0,1880000,21970,16293878,16315848,0,0
1640,2010,CHN,51116622,10761394,10317,0,16142091,78030424,2579,0,0,0,0,0,0,33629356,33629356,169491958,0,18572,22699,0,0,4573592,0,0,564973194,53653442,437181638,3596818,1341577454,1345174272,1,0
1654,2010,MON,28833,654,3500,0,20183,53170,0,0,0,0,0,0,0,82380,82380,1455388,0,0,0,0,0,0,0,0,45000,250000,850000,10078,2735938,2746016,0,0
1667,2010,TAW,629753,310192,0,0,291456,1231401,100,65000,12000,0,0,0,0,25000,102000,5710455,0,0,0,0,16654,4731996,0,13011,9120490,58291,1593900,191702,22578298,22770000,1,0
1680,2010,PRK,10147,40591,0,0,355172,405910,0,0,0,0,0,0,0,0,0,1116257,0,0,0,0,0,0,0,3171257,15197,3903086,15690406,92175,24302113,24394288,0,0
1693,2010,ROK,8748356,5224935,0,0,0,13973291,101,0,0,0,0,0,0,71071,71071,11022677,0,0,0,29951,30459,0,0,329544,45688,511716,22199939,660563,48214437,48875000,1,0
1707,2010,JPN,1307988,1072810,47680,47680,23840,2499998,1000,0,0,0,0,0,0,195001,195001,88035713,0,23500,2000,108000000,15000,0,1500,120000,295000,12000,12107911,0,211308623,127451704,0,0
1720,2010,IND,8691861,8926840,2047651,0,8307478,27973830,5000,136110500,24019500,0,0,0,0,0,160130000,9241589,83642,961401054,22322975,0,1684469,0,4908196,0,151021,2904258,3717450,476516,1194523484,1195000000,0,1
1728,2010,BHU,3334,2146,0,0,2974,8454,0,0,0,0,0,0,0,6947,6947,583740,0,72169,0,0,0,0,0,0,0,22483,196,765,693989,694754,0,0
1741,2010,PAK,1258103,772343,0,0,833144,2863590,0,136736508,24129972,0,0,0,0,322935,161189415,96880,5382,3705824,43058,0,73198,0,0,0,2152,182996,163620,120461,168326115,168446576,0,1
1749,2010,BNG,147290,88374,0,0,58916,294580,177,131825165,294581,0,0,0,0,0,132119746,883744,339,13256161,21000,0,9515,0,0,0,3152,522808,116581,62885,147227803,147290688,0,0
1762,2010,MYA,3200000,805000,0,60000,500000,4565000,25,2450000,0,0,0,0,0,0,2450000,43983776,853,58808,1593,0,90271,0,3070,107263,119276,7056956,286983,84093,58723875,58807968,0,1
1775,2010,SRI,220966,1242473,0,22096,10043,1495578,0,1816110,159755,0,0,0,0,0,1975865,14467488,0,2565831,0,0,0,0,0,0,0,0,9481,75835,20514243,20590078,0,1
1785,2010,MAD,554,887,0,0,0,1441,0,292012,19044,0,0,0,0,0,311056,1331,0,0,0,0,0,0,0,0,0,0,0,3577,313828,317405,0,0
1799,2010,NEP,41940,3349,1378,0,329030,375697,0,0,0,0,0,0,0,1162370,1162370,2396099,0,21551492,609,0,1283,0,3214,0,0,942157,50000,11583,26482921,26494504,0,1
1813,2010,THI,190694,172023,497,6781,34003,403998,200,6060012,673334,0,0,0,0,0,6733346,58580120,0,56000,19500,0,6300,0,0,77000,62000,475000,673334,246674,67086798,67333472,0,1
1825,2010,CAM,25047,8202,0,96,23854,57199,0,274289,19427,0,0,0,0,0,293716,14801990,0,0,0,0,0,0,0,0,0,39996,59995,55260,15252896,15308156,0,1
1837,2010,LAO,63397,27549,0,144,1022,92112,0,55268,6140,0,0,0,0,0,61408,4159404,0,0,0,0,52000,0,0,0,15000,1688748,68000,4230,6136672,6140902,0,1
1849,2010,DRV,967098,7033441,0,3900,0,8004439,0,87918,5818,0,0,0,0,0,93736,43079830,0,50000,0,0,325000,0,0,0,820000,3516720,32002160,26139,87891885,87918024,1,0
1864,2010,MAL,600749,858334,5852,247720,626103,2338758,0,15536700,1726300,0,0,0,0,0,17263000,5433600,0,1698000,0,0,0,0,0,0,710000,775000,50000,31642,28268358,28300000,0,1
1874,2010,SIN,266768,358229,4074,67166,234426,930663,300,0,0,0,0,0,0,727000,727000,1688506,0,258053,17564,0,6000,554426,0,0,320000,0,602421,7067,5104933,5112000,1,0
1880,2010,BRU,1853,5526,0,1642,3341,12362,30,0,0,0,0,0,0,335000,335000,28848,0,0,0,0,0,0,0,0,15000,15000,4880,995,411120,412115,0,1
1893,2010,PHI,7487470,76469863,0,145000,391112,84493445,300,4604898,460489,0,0,0,0,48384,5113771,105000,0,0,0,0,157000,0,0,0,53000,1093786,858781,222895,91875083,92097978,0,1
1904,2010,INS,16797200,7198800,1886,3773,1442867,25444526,0,199000000,2050000,0,0,0,500000,0,201550000,1919680,0,3599400,12500,0,21200,0,0,0,2062908,3200000,1800000,349786,239610214,239960000,0,1
1906,2010,ETM,16916,1088306,0,0,0,1105222,0,0,0,0,0,0,0,7894,7894,1127,0,0,0,0,0,0,0,0,0,7500,4365,1671,1126108,1127779,0,0
1920,2010,AUL,2017577,4340077,616754,3338520,2837742,13150670,97335,0,0,0,0,0,0,476290,476290,528977,2450,180000,30000,0,15000,0,0,55000,70000,59000,6636435,98843,21301157,21400000,0,0
1928,2010,PNG,4132132,1859459,0,137737,482082,6611410,813,0,0,0,0,0,0,1832,1832,2865,0,0,0,0,34384,0,0,0,3581,171921,35816,24265,6862622,6886887,0,1
1942,2010,NEW,692769,673936,7827,752931,234094,2361557,4696,0,0,0,0,0,0,48943,48943,91846,0,86698,9922,0,7514,0,0,0,11480,31311,1711677,1846,4365644,4367490,0,0
1948,2010,VAN,140012,28968,0,36210,0,205190,0,0,0,0,0,0,0,0,0,476,0,0,0,0,12070,0,0,0,0,10887,8000,4777,236623,241400,0,0
1955,2010,SOL,203882,101941,0,177055,0,482878,0,0,0,0,0,0,0,1700,1700,1750,0,0,0,0,3200,0,0,0,0,26826,1700,18479,518054,536533,0,0
1958,2010,KIR,42230,56650,0,0,0,98880,0,0,0,0,0,0,0,0,0,13,0,0,0,0,2060,0,0,0,0,0,1030,1017,101983,103000,0,0
1961,2010,TUV,9664,100,0,0,0,9764,0,0,0,0,0,0,0,10,10,0,0,0,0,0,152,0,0,0,0,0,70,71,9996,10067,0,0
1970,2010,FIJ,420000,105000,0,8600,16363,549963,0,0,0,0,0,0,0,51559,51559,0,0,240609,4200,0,2200,0,0,0,0,1400,9042,345,858973,859318,0,0
1973,2010,TON,46119,13626,0,2000,37000,98745,0,0,0,0,0,0,0,0,0,126,0,105,0,0,3711,0,0,0,0,5,454,1671,103146,104817,0,0
1976,2010,NAU,6459,3179,0,0,0,9638,0,0,0,0,0,0,0,0,0,0,0,0,0,0,0,0,0,0,0,0,0,299,9638,9937,0,0
1980,2010,MSI,42561,4910,0,0,3500,50971,0,0,0,0,0,0,0,0,0,0,0,0,0,0,1600,0,0,0,0,700,1200,95,54471,54566,0,0
1984,2010,PAL,3700,12891,0,0,1800,18391,0,0,0,0,0,0,0,470,470,182,0,27,0,0,100,0,0,0,53,1800,326,21,21349,21370,0,0
1988,2010,FSM,33500,57500,0,0,5000,96000,0,0,0,0,0,0,0,0,0,650,0,0,0,0,800,0,0,0,333,7500,3500,2188,108783,110971,0,0
1995,2010,WSM,139757,35883,0,0,4500,180140,0,0,0,0,0,0,0,61,61,19,0,0,0,0,1001,0,0,0,19,0,2750,4871,183990,188861,0,0